Company Name,Website,Location,Contact Person,Role (Contact Person),Phone Number,Email,Brands Distributed,Equipment Categories Offered,Key Parts and Components Available
Hastings HVAC,https://www.hastingshvac.com/,,,,(800) 228-4243,sales@hastingshvac.com,York,Furnace,"Coil, Duct"
Twin City Fan & Blower - Industrial & Commercial Fan and Blower Manufacturing,https://www.tcf.com/,,,,(763) 551-7600,parts@tcf.com,Gree,"Boiler, Ventilation","Belt, Blower, Duct, Fan, Filter, Motor, Sheave"
High Efficiency Alta Boilers and Combis,https://www.usboiler.net/,,,,(717) 397-4701,,"Gree, LG","Boiler, Heat pump",Duct
,https://2jsupply.com,,,,,,,,
Welcome to AirEase,https://airease.com,,,,(800) 448-5872,,"AirEase, Gree, Lennox","Air conditioner, Air handler, Furnace, Heat pump, Thermostat","Coil, Duct, Thermostat"
who we areand whatwe do.,https://kerrcontrols.ca/,,,,,,"AirEase, Amana, Broan, Concord, Danfoss, Goodman, Gree, Honeywell, Johnson Controls, LG, Nu-Calgon","Controls, Heat pump, Ventilation",Duct
"Quality heating, ventilation, and air conditioning distribution",https://wekingswell.com,,,,(301) 937-1900,john@wekingswell.com,"AirEase, Concord, Honeywell","Air conditioner, Air handler, Boiler, Controls, Furnace, Heat pump, Packaged unit, Ventilation","Belt, Coil, Duct"
We Make Your Job Easier,https://aceshvac.com,"ACES Corporate Headquarters 7314 Impala Drive, Richmond, VA 23228",,,(804) 264-2911,,,Controls,Duct
NEOM Green Hydrogen Production Facility: A Landmark Project,https://airproducts.com,,,,(800) 654-4567,,Gree,,"Circuit board, Duct"
Alliance Air Products,https://allianceairproducts.com,,,,(619) 428-9688,,"Alliance Air Products, Daikin, Daikin Applied","Air handler, Ventilation",Duct
YOUR PARTNER IN BUILDING TECHNOLOGIES,https://long.com,,,,(907) 561-3044,,Trane,Controls,Duct
,https://myiaire.com,,,,,,,,
US Air Conditioning Distributors,https://us-ac.com,,,,(800) 937-7222,,"Broan, Champion, Fieldpiece, Gree, LG, Luxaire, Nu-Calgon, Samsung, York","Controls, Thermostat","Capacitor, Compressor, Duct, Filter, Motor, Refrigerant, Seal, Thermostat"
"Quality, Durable Heating & Air Conditioning Systems From Amana",https://amana-hac.com,,,,,,"Amana, Daikin, Gree, Maytag","Air conditioner, Air handler, Controls, Furnace, Heat pump, Packaged unit, Thermostat","Coil, Duct, Refrigerant, Thermostat"
,https://amana.com,,,,,,,,
GoAmana - Home,https://goamana.com,,,,,,"Amana, Maytag","Furnace, Heat pump","Compressor, Duct"
HVAC Distributors,https://hvacdist.com,,,,(800) 228-4822,,"Daikin, LG, Nu-Calgon","Thermostat, Ventilation","Duct, Refrigerant, Thermostat"
Welcome to acwholesalecenter.com,https://acwholesalecenter.com,,,,(954) 505-9867,info@acwholesalecenter.com,"American Standard, Carrier, Goodman, Lennox, Rheem, Ruud, Trane","Air conditioner, Boiler, Dehumidifier, Furnace, Heat pump, Humidifier, Mini split, Packaged unit, Ventilation","Air filter, Coil, Duct, Expansion valve, Fan, Filter, Grille, Motor, Refrigerant, Uv lamp"
"Inspired by life,   Designed for you since 1875",https://americanstandard-us.com,,,,(800) 215-5130,,"American Standard, Champion, Gree",Thermostat,"Duct, Filter, Sensor"
"Comfort, Made More Sustainable",https://americanstandardair.com,,,,(844) 955-4401,,"American Standard, York","Air conditioner, Air handler, Controls, Furnace, Heat pump, Mini split, Packaged unit, Thermostat, Ventilation","Duct, Refrigerant"
"Affordable, reliable, HVAC comfort.",https://ameristarhvac.com,,,,(855) 578-0165,,"American Standard, Trane","Air conditioner, Air handler, Furnace, Heat pump, Packaged unit","Coil, Duct"
American Standard® Home,https://asairhome.com,,,,,,American Standard,,Duct
,https://asairproducts.com,,,,,,,,
Faucets Built for Style and Durability,https://ferguson.com,,,,(888) 222-1785,customer.support@ferguson.com,"Carrier, Gree, Rheem","Air conditioner, Controls, Furnace, Heat pump, Thermostat, Ventilation","Air filter, Capacitor, Compressor, Condensate pump, Contactor, Contactors, Duct, Fan, Filter, Grille, Insulation, Motor, Refrigerant, Relay, Relays, Seal, Thermostat"
,https://shearersupply.com,,,,,,,,
,https://theacoutlet.com,,,,,,,,
"ABR Wholesalers, Inc. - HVAC Knowledge - Equipment - Parts & Supplies",https://abrwholesalers.com,,,,(585) 482-3601,,"Aprilaire, Gree, Miller, Reznor, Rheem, WeatherKing, York","Air handler, Boiler, Controls, Dehumidifier, Furnace, Heat pump, Humidifier, Mini split, Thermostat","Air filter, Blower, Capacitor, Coil, Compressor, Condensate pump, Control board, Drain pan, Duct, Fan, Fan blade, Filter, Filter drier, Gas valve, Grille, Heat exchanger, Humidifier pad, Igniter, Insulation, Motor, Pressure switch, Relay, Relays, Seal, Sensor, Service valve, Thermocouple, Thermostat, Transformer, Txv, Wheel"
,https://acwholesalers.com,,,,,,,,
Connected IndoorAir Quality,https://aprilaire.com,,,,,,Aprilaire,"Controls, Dehumidifier, Humidifier, Thermostat, Ventilation","Air filter, Duct, Fan, Filter, Thermostat"
Why become a partner,https://aprilairepartners.com,,,,,,Aprilaire,"Dehumidifier, Humidifier, Thermostat, Ventilation","Duct, Thermostat"
"Sorry, we're unable to complete your request",https://grainger.com,,,,(800) 472-4643,,,,
"All tasks in one ask, smart sourcing with AI",https://accio.com,,,,,report@accio.com,"Gree, LG",,Duct
,https://arcoaire.com,,,,,,,,
,https://budgetheating.com,,,,,,,,
,https://goarcoaire.com,,,,,,,,
Air Conditioning Repair Services Tampa FL,https://hot2coldairconditioning.com,,,,(813) 580-8181,team@h2cac.com,"Amana, American Standard, Arcoaire, Bryant, Carrier, Comfortmaker, Ducane, Gibson, Goodman, Heil, Intertherm, Johnson Controls, Lennox, Maytag, Miller, Payne, Ruud, Tempstar, Trane, York","Air conditioner, Furnace, Heat pump","Coil, Condenser coil, Duct, Insulation, Refrigerant"
Welcome to Armstrong Air,https://armstrongair.com,,,,(800) 448-5872,,"Armstrong Air, Gree, Lennox","Air conditioner, Air handler, Furnace, Heat pump, Thermostat","Coil, Duct, Thermostat"
Home,https://famous-supply.com,,,,,,Mitsubishi Electric,"Air conditioner, Boiler, Controls, Dehumidifier, Furnace, Heat pump, Humidifier, Mini split, Packaged unit, Thermostat, Ventilation","Air filter, Blower, Burner, Coil, Compressor, Condensate pump, Control board, Damper, Duct, Evaporator coil, Fan, Filter, Gasket, Grille, Heat exchanger, Insulation, Motor, Refrigerant, Relay, Relays, Seal, Sensor, Solenoid valve, Thermostat, Wheel"
,https://firstsupply.com,,,,,,,,
"Top HVACR Wholesale Distributor: Residential, Commercial & Refrigeration Equipment, Parts & Supplies",https://galarson.com,,,,(800) 529-3206,,"Champion, Gree, Trane",Ventilation,"Duct, Refrigerant"
"Input Amazon link or ASIN to find sales statistics and similar manufacturers of any
            Amazon product.",https://supplyleader.com,,,,,support@supplyleader.com,,,"Duct, Fan, Motor, Seal, Wheel"
,https://bakerdist.com,,,,,,,,
Bosch Home Appliances International,https://bosch-home.com,,,,,,"Bosch, Gree, LG",,Duct
Welcome to Bosch Home Comfort,https://bosch-homecomfort.com,,,,,,"Bosch, Gree, LG",Heat pump,Duct
BOSCH PROFESSIONAL,https://bosch-professional.com,,,,,,"Bosch, Gree, LG",,
,https://johnstonesupply.com,,,,,,,,
Where to Buy Bosch,https://wheretobuybosch.com,,,,(800) 283-3787,,"Bosch, York","Boiler, Controls, Furnace, Heat pump, Thermostat",Duct
Improving Lives Through Better Air,https://broan-nutone.com,,,,,,"Broan, Gree","Controls, Dehumidifier, Humidifier, Ventilation","Damper, Duct, Fan, Filter, Grille"
Broan Heating and Air Conditioning,https://broanhvac.net,,,,,,"Broan, Gree","Air conditioner, Air handler, Furnace, Heat pump, Ventilation","Coil, Duct"
,https://bryant.com,,,,,,,,
CE,https://carrierenterprise.com,,,,,,,,
HABEGGER NEWS,https://habeggercorp.com,,,,(513) 612-4700,,Bryant,,Duct
Home,https://mybryantdealer.com,,,,,,Bryant,"Air conditioner, Furnace, Heat pump, Humidifier",Duct
"National Air Warehouse, a heating and air conditioning wholesaler, offersincredibly competitive pricingalong withcomplimentary shipping forContactors, Real Estate Investors, Businesses, and Property Managers",https://nationalairwarehouse.com,,,,(888) 292-0874,,"American Standard, Bosch, Bryant, Carrier, Champion, Daikin, Frigidaire, Goodman, Gree, Heil, ICP, Payne, Rheem, Ruud, Trane, York","Air conditioner, Air handler, Furnace, Heat pump, Humidifier, Mini split, Packaged unit, Thermostat","Air filter, Blower, Capacitor, Coil, Contactor, Contactors, Control board, Duct, Evaporator coil, Expansion valve, Fan, Filter, Grille, Motor, Refrigerant, Seal, Thermostat, Txv, Wheel"
Supplying HVAC Professionals the Right Parts at the Right Price,https://blackhawksupply.com,,,,(847) 773-0645,cs@blackhawksupply.com,"Gree, Honeywell, Johnson Controls, LG, Schneider, Siemens","Boiler, Controls, Thermostat, Ventilation","Blower, Capacitor, Control board, Damper, Duct, Filter, Gas valve, Motor, Relay, Relays, Sensor, Solenoid valve, Thermostat, Transformer"
Bosch Home Comfort Group,https://bosch-homecomfortgroup.com,,,,06462 25270,bischofshofen@bosch-industrial.com,"Bosch, Buderus, Hitachi, York","Heat pump, Ventilation",Duct
Buderus - We are the system experts.,https://buderus.com,,,,,,"Bosch, Buderus, Gree, LG","Boiler, Heat pump, Ventilation",Duct
Work Clever. Click Together.,https://l-boxx.com,,,,,,"Bosch, Schneider",,"Fan, Filter"
,https://supplyhouse.com,,,,,,,,
WHOLE SALE,https://ambardistributors.com,,,,(786) 785-9691,sales@ambardistributors.com,"Amana, Bosch, Carrier, Electrolux, Frigidaire, Gree, LG, Maytag, Panasonic, Samsung",Air conditioner,"Duct, Fan"
,https://carrier.com,,,,,,,,
Carrier® - Acondicionadores de aire: Aire acondicionado Carrier Comercial y Residencial,https://carriercca.com,,,,,,Carrier,"Chiller, Mini split",Duct
Why Choose RJ Murray?,https://rjmurray.com,,,,(518) 690-4455,Mail@RJMurray.com,"Carrier, York",Controls,"Compressor, Duct"
Russell Sigler Inc.,https://siglers.com,,,,(623) 388-5100,,"Bryant, Carrier, Payne","Air conditioner, Controls, Dehumidifier, Furnace, Heat pump, Humidifier, Thermostat","Blower, Coil, Compressor, Duct, Evaporator coil, Fan, Fan blade, Insulation, Motor, Refrigerant, Seal, Thermostat"
,https://championhomecomfort.com,,,,,,,,
Home,https://gochampionhvac.com,,,,,,"Champion, Hitachi, Johnson Controls",Controls,Duct
GO WITH THE BEST IN HVAC,https://schindlershvac.com,,,,(816) 724-1257,,Champion,"Air conditioner, Furnace, Heat pump, Ventilation",Duct
,https://winsupplyinc.com,,,,,,,,
,https://colemanac.com,,,,,,,,
"Buy a part,get a partner.",https://buyhvacsupply.com,,,,,,Comfortmaker,Furnace,Duct
,https://comfortmaker.com,,,,,,,,
,https://gocomfortmaker.com,,,,,,,,
LOOKING FOR A NEW FURNACE OR AIR CONDITIONING UNIT?,https://mycomfortmakerdealer.com,,,,,,Comfortmaker,"Furnace, Packaged unit","Duct, Refrigerant"
,https://aprsupply.com,,,,,,,,
CFM Equipment – HVAC Supply in California and Nevada,https://cfmequipment.com,,,,(800) 332-7022,customerservice@cfmequip.com,Concord,,Duct
Welcome to Concord Air,https://concord-air.com,,,,(800) 448-5872,,"Concord, Lennox","Air conditioner, Air handler, Furnace, Heat pump, Packaged unit","Coil, Duct"
,https://herculesindustries.com,,,,,,,,
Carve out some time,https://yelp.com,,,,(844) 889-5353,,York,,Duct
,https://daikin.com,,,,,,,,
Commercial and Residential Indoor Comfort Systems,https://daikinac.com,,,,(866) 588-6454,,"Daikin, Daikin Applied","Air conditioner, Air handler, Controls, Furnace, Heat pump, Humidifier, Thermostat, Ventilation","Coil, Compressor, Duct, Refrigerant, Thermostat"
Better indoor air qualitystarts with daikin,https://daikinapplied.com,,,,(800) 432-1342,,"Daikin, Daikin Applied","Air handler, Chiller, Controls, Dehumidifier, Heat pump, Humidifier","Coil, Compressor, Duct, Fan"
We are Daikin,https://daikincomfort.com,,,,(866) 588-6454,,"Daikin, Gree","Air conditioner, Air handler, Controls, Furnace, Heat pump, Humidifier, Thermostat, Ventilation","Coil, Duct, Refrigerant, Thermostat"
Freedom HVAC Supply,https://freedomhvacsupply.com,,,,,,"Amana, Daikin, Goodman","Air conditioner, Air handler, Furnace, Heat pump, Mini split","Coil, Duct, Refrigerant, Seal"
Daikin Sustainability & Innovation Center (DSIC),https://northamerica-daikin.com,,,,,,"Amana, Daikin, Daikin Applied, Goodman, Maytag, Quietflex",Heat pump,"Air filter, Duct, Filter"
We engineer a better future,https://danfoss.com,,,,,,"Danfoss, Gree",Heat pump,"Compressor, Duct"
,https://sun-source.com,,,,,,,,
"Professional HVAC, Air Conditioning, and Plumbing Repair Services in Metro Phoenix",https://dayandnightair.com,,,,(602) 492-9656,,Day & Night,"Furnace, Heat pump, Mini split",Duct
,https://dayandnightcomfort.com,,,,,,,,
Heating & Air Services that make your home comfortable again!,https://dayandnighthvac.com,,,,(910) 424-7272,,"Day & Night, Gree, Trane","Boiler, Furnace, Heat pump, Thermostat","Duct, Insulation, Seal, Thermostat"
WE MOVE MORE THANJUST METAL,https://excelsiorhvac.com,,,,(708) 418-0900,Ronald.Jakowitsch@tecmungo.com,Heil,Furnace,Duct
,https://godayandnight.com,,,,,,,,
Commercial Refrigeration and HVAC services,https://wearetheone.com,,,,(516) 378-1176,info@wearetheone.com,Day & Night,Boiler,Duct
24/7 phone Sales (888) 515-5124,https://ducanefurnaces.com,,,,(888) 515-5124,,Ducane,"Air conditioner, Furnace, Heat pump",Duct
Welcome to Ducane HVAC,https://ducanehvac.com,,,,(800) 448-5872,,"Ducane, Lennox","Air conditioner, Air handler, Furnace, Heat pump, Packaged unit","Coil, Duct"
"Ducane by Lennox Furnaces, Air Conditioners, Evaporator Coils, and more!",https://heatandcooldirect.com,,,,(574) 333-3333,filler@godaddy.com,"Ducane, Lennox","Air conditioner, Furnace","Coil, Duct, Evaporator coil"
,https://electrolux-na.com,,,,,,,,
,https://electrolux.com,,,,,,,,
"Commercial Kitchen, Laundry and Beverage",https://electroluxprofessional.com,,,,,,"Electrolux, Gree, LG","Chiller, Heat pump, Ventilation","Blower, Duct"
,https://fergusonhvac.com,,,,,,,,
MITSUBISHI ELECTRIC Global website,https://mitsubishielectric.com,,,,,,"LG, Mitsubishi Electric",,Duct
,https://york.com,,,,,,,,
Allied Supply Company,https://alliedsupply.com,,,,(937) 224-9833,,"Honeywell, Samsung","Controls, Heat pump","Duct, Filter, Refrigerant"
Copeland Worldwide,https://copeland.com,,,,(844) 529-7943,,,,
Emerson Worldwide,https://emerson.com,,,,,,"Gree, LG",Controls,Duct
,https://hintech-electric.com,,,,,,,,
Refrigerant & Combustible Gas Leak Detector,https://fieldpiece.com,,,,(714) 634-1844,,Fieldpiece,,"Duct, Refrigerant, Sensor, Thermocouple"
,https://hvacwholesaledirect.com,,,,,,,,
Fieldpiece® Gauges - Wireless Digital HVAC Electronic Gauges,https://thefieldpiece.com,,,,,support@thefieldpiece.com,Fieldpiece,"Controls, Ventilation","Duct, Motor, Refrigerant, Sensor"
TrustedHeating & Cooling,https://frigidairehvac.com,,,,,,"Electrolux, Frigidaire, Gree","Air conditioner, Furnace, Heat pump",Duct
Access Denied,https://lowes.com,,,,,,,,
INDUSTRY-LEADING HVAC MANUFACTURER,https://nordyne.com,,,,(800) 422-4328,consumercare@rheem.com,"Frigidaire, Gibson, Intertherm, Maytag, Rheem",,"Coil, Duct"
"R&B Wholesale Distributors, Inc. - R&B Wholesale Distributors",https://rbdist.com,,,,(909) 230-5400,,"Amana, Frigidaire",,Duct
FUJITSU GENERAL,https://fujitsu-general.com,,,,,,"Fujitsu, Rheem","Air conditioner, Heat pump, Ventilation",Duct
FUJITSU GENERAL United States,https://fujitsugeneral.com,,,,(888) 888-3424,fghvac2@fujitsugeneral.com,Fujitsu,"Air conditioner, Air handler, Controls, Furnace, Heat pump",Duct
FUJITSU GENERAL GLOBAL,https://general-hvac.com,,,,044-866-1111,,"Fujitsu, Rheem","Air conditioner, Heat pump, Ventilation",Duct
We Know Comfort,https://ductlessbydesign.net,,,,(971) 701-6350,,"Daikin, Fujitsu, Panasonic","Humidifier, Mini split","Air filter, Duct, Filter"
,https://ecomfort.com,,,,,,,,
Heat Pump Solutions,https://heatpumpsolutions.ca,,,,(709) 834-5247,,"Carrier, Daikin, Fujitsu, Goodman, Gree, Lennox, Trane, York","Heat pump, Ventilation","Duct, Fan"
,https://hvacdirect.com,,,,,,,,
,https://lockesupply.com,,,,,,,,
,https://abledistributors.com,,,,,,,,
,https://garciasupply.com,,,,,,,,
,https://gibson-iq.com,,,,,,,,
Dependable Performance.Genuine Value.,https://gibsonhvac.com,,,,(800) 422-4328,,Gibson,"Air conditioner, Furnace, Heat pump",Duct
,https://prairiewholesale.com,,,,,,,,
AC Direct is america’s oldest Online hvac wholesaler with our exclusive125% Low Price Guarantee&Free ShippingTO,https://acdirect.com,© 2025 AC Direct All Rights Reserved,,,(866) 862-8922,,"Aprilaire, Daikin, Goodman, Honeywell, Rheem","Air conditioner, Air handler, Boiler, Dehumidifier, Furnace, Heat pump, Humidifier, Mini split, Thermostat","Coil, Duct, Evaporator coil, Expansion valve, Filter, Heat strip, Refrigerant, Thermostat"
acunitsforless.com- Best Wholesaler of HVAC Units near me,https://acunitsforless.com,,,,(678) 535-7176,sales@acunitsforless.com,"Carrier, Champion, Daikin, Gibson, Goodman, Intertherm, Miller, Trane","Air conditioner, Air handler, Dehumidifier, Furnace, Heat pump, Humidifier, Mini split, Packaged unit, Thermostat","Drain pan, Duct, Fan, Insulation, Motor, Refrigerant, Thermostat"
Indoor Comfort Systems,https://goodmanmfg.com,,,,,,"Daikin, Goodman, Gree","Air conditioner, Air handler, Controls, Furnace, Heat pump, Packaged unit","Coil, Duct, Filter, Heat exchanger, Refrigerant"
HD Supply - MRO Products & Solutions,https://hdsupplysolutions.com,,,,(877) 694-4932,,Gree,Controls,"Duct, Fan, Refrigerant"
Reference.com - What's Your Question?,https://reference.com,,,,,,Gree,,Duct
"HVAC Supply & Systems, Kitchen, Bath & Grills",https://superiorhomesupplies.com,,,,(855) 578-7374,,"Amana, Goodman","Air conditioner, Air handler, Dehumidifier, Furnace, Heat pump, Humidifier, Packaged unit, Thermostat, Ventilation","Air filter, Coil, Duct, Evaporator coil, Filter, Thermostat, Txv"
Gree Canada,https://gree.ca,,,,(800) 686-2175,service@gree.ca,Gree,"Air conditioner, Dehumidifier, Heat pump, Humidifier, Mini split",Duct
Heating & Cooling Systems,https://greecomfort.com,,,,,,Gree,"Air handler, Packaged unit",Duct
The Leading Edge in VRF,https://greecommercial.com,,,,,,Gree,"Air handler, Heat pump","Coil, Duct, Fan"
Expert HVAC Manufacturers Representative Since 1954,https://gunnpegelow.com,,,,(847) 573-7030,,"Gree, Reznor",Ventilation,Duct
The easiest way to install a Heat Pump in California,https://vayu.pro,,,,,,Gree,"Furnace, Heat pump",Duct
"Buy a part,get a partner.",https://buyhvacsupplysc.com,,,,,,"Comfortmaker, Heil",Furnace,Duct
,https://gotolee.com,,,,,,,,
,https://heil-hvac.com,,,,,,,,
,https://parts-hvac.com,,,,,,,,
Committed to a greener planet,https://terexesg.com,,,,,,"Gree, Heil, LG",,Duct
,https://hitachi-iesa.com,,,,,,,,
,https://hitachiaircon.com,,,,,,,,
Global Network,https://hitachicm.com,,,,03-5826-8100,info@hitachicm.eu,Hitachi,,"Duct, Wheel"
Inspire the next era of sustainable energy,https://hitachienergy.com,,,,,,"Gree, Hitachi, LG",,"Capacitor, Duct, Filter, Insulation, Transformer"
Ductless Mini Split Air Conditioner Units for Sale - Shop Mini-Split Warehouse,https://minisplitwarehouse.com,,,,(877) 770-3548,sales@minisplitwarehouse.com,Daikin,"Air conditioner, Heat pump, Mini split","Condensate pump, Drain line, Duct"
Unlockingthe Future ofLife SciencesManufacturing,https://honeywell.com,,,,(800) 633-3991,,"Honeywell, LG",Controls,Duct
New Honeywell Products On Sale,https://honeywellconsumerstore.com,,,,,,Honeywell,"Air conditioner, Controls, Dehumidifier, Furnace, Humidifier, Thermostat","Air filter, Duct, Fan, Filter, Humidifier pad, Thermostat"
New Thermostat Solutions,https://honeywellhome.com,,,,,,Honeywell,"Dehumidifier, Humidifier, Thermostat, Ventilation","Duct, Filter, Thermostat"
Honeywell Products & Safety Products,https://honeywellstore.com,,,,,,"Gree, Honeywell","Air conditioner, Controls, Dehumidifier, Furnace, Humidifier, Thermostat","Air filter, Duct, Fan, Filter, Sensor, Thermostat"
,https://icpcommercial.com,,,,,,,,
,https://icpusa.com,,,,,,,,
,https://gemaire.com,,,,,,,,
The RightChoice in HVAC.Right From the Start.,https://intertherm.net,,,,(800) 422-4328,consumercare@rheem.com,"Intertherm, Rheem","Air conditioner, Furnace, Heat pump, Packaged unit","Coil, Duct"
WANT TO BECOME A PART OF THE TRI-STATE FAMILY?,https://tri-statedistributors.com,"2500 Hwy 17 P.O. Box 559 Royston, GA 30662",,,(800) 476-6164,tsdroyston@tsdsupply.com,"Frigidaire, Intertherm, Samsung",,"Burner, Duct, Fan"
,https://hvacusa.com,,,,,,,,
Introducing Metasys 15.0,https://jci.com,,,,(844) 628-2529,fdp.customerservice.anz@jci.com,"Gree, Johnson Controls, LG, Miller, York","Air handler, Chiller, Controls, Heat pump","Compressor, Duct, Heat exchanger, Refrigerant, Sensor"
"JDM Controls - HVAC, Heating, Ventilation, Air Conditioning, Refrigeration Controls, Automation Systems",https://jdmcontrols.com,,,,(866) 238-0708,sales@jdmcontrols.com,Johnson Controls,"Controls, Ventilation",Duct
Introducing Metasys 15.0,https://johnsoncontrols.com,,,,(844) 628-2529,,"Gree, Johnson Controls, LG, Miller, York","Air handler, Chiller, Controls, Heat pump","Compressor, Duct, Heat exchanger, Refrigerant, Sensor"
Home,https://contractingbusiness.com,,,,,,"Gree, Lennox, Trane","Controls, Heat pump, Thermostat, Ventilation","Compressor, Duct, Fan, Refrigerant, Thermostat, Uv lamp"
,https://mdm.com,,,,,,,,
RAC Magazine - Refrigeration & Air Conditioning News & Contracts,https://racplus.com,,,,01604 828705,Ella.mackenzie@emap.com,"Daikin, Danfoss, Gree, LG","Heat pump, Ventilation","Duct, Refrigerant"
LG,https://lg.com,,,,,brenda.alzamora@lge.com,"Gree, LG",,"Duct, Fan, Grille"
Earn $100 per InstallWith Our Heat Pump Water PromoLearn More,https://lghvac.com,,,,(847) 941-8181,john.taylor@lge.com,LG,"Controls, Heat pump",Duct
,https://wolseleyexpress.com,,,,,,,,
Explore Our Products,https://adpnow.com,,,,,,York,"Air handler, Furnace","Blower, Coil, Drain pan, Duct, Evaporator coil, Heat exchanger, Motor, Refrigerant"
HVAC Home Supply,https://hvachomesupply.com,,,,(469) 778-4822,contact@hvachomesupply.com,"Goodman, Lennox, Trane","Air handler, Furnace, Heat pump","Coil, Compressor, Duct"
A History of Innovation and…the pursuit ofPerfect Air,https://lennox.com,,,,,,"Gree, Lennox","Controls, Heat pump, Thermostat, Ventilation","Duct, Refrigerant, Thermostat"
Most Popular Products,https://lennoxpros.com,,,,(877) 570-0123,Cbeyer@PEACsolutions.com,"Gree, Lennox, Samsung","Air conditioner, Air handler, Furnace, Heat pump, Packaged unit, Thermostat","Blower, Coil, Condensate pump, Duct, Filter, Motor, Refrigerant, Thermostat"
The Furnace Outlet,https://thefurnaceoutlet.com,,,,(888) 286-0211,help@thefurnaceoutlet.com,"Amana, Goodman","Air conditioner, Air handler, Boiler, Furnace, Heat pump, Mini split, Packaged unit, Thermostat","Coil, Duct, Expansion valve, Thermostat"
"A&R SUPPLY

          –
          A&R Supply - Air Conditioning & Refrigeration Wholesaler",https://ar-supply.com,,,,(305) 471-4788,salesdoral@ar-supply.com,"Broan, Honeywell, Johnson Controls, LG, Nu-Calgon, Panasonic, Quietflex","Air conditioner, Air handler, Heat pump, Thermostat, Ventilation","Coil, Damper, Duct, Fan, Motor, Refrigerant, Thermostat"
Fire Dampers - Fire Rated Access Doors - Lloyd Industries,https://firedamper.com,,,,(215) 412-4445,info@firedamper.com,Lloyd,Ventilation,"Damper, Duct"
"Havells Mini-Split
 – Havells HVAC LLC",https://havellshvac.com,,,,(844) 986-1668,info@lloydnorthamerica.com,"Carrier, Gree, Lloyd","Air conditioner, Heat pump, Mini split, Ventilation","Compressor, Duct"
Lloyd HVAC - Heating & Cooling Service in Toronto,https://lloydhvac.com,,,,(647) 344-4822,,"Gree, Lloyd","Furnace, Ventilation",Duct
Lloyds Heating and Cooling Expert Home HVAC installation,https://lloydshvac.com,,,,(540) 967-9564,lloyds3620@gmail.com,Lloyd,"Boiler, Furnace, Heat pump",
WebReps B2B Wholesale HVAC-R,https://webrepswholesale.com,,,,(800) 810-3280,,Lloyd,"Controls, Humidifier","Air filter, Belt, Capacitor, Contactor, Contactors, Damper, Drain pan, Duct, Fan, Filter, Grille, Motor, Relay, Relays, Seal, Transformer"
Benoist: Premium HVAC Wholesaler - Shop 24/7 Online,https://benoist.com,,,,(970) 991-1044,,"Amana, Aprilaire, Broan, Fieldpiece, Fujitsu, Honeywell, Johnson Controls, Lennox, Lloyd, Luxaire, Quietflex, Reznor, Rheem, Ruud, Sure Comfort, Testo, WeatherKing","Boiler, Controls, Humidifier, Mini split, Thermostat, Ventilation","Belt, Blower, Coil, Compressor, Damper, Duct, Evaporator coil, Fan, Filter, Gasket, Grille, Heat exchanger, Insulation, Motor, Pleated filter, Pulley, Refrigerant, Seal, Thermostat"
Residential,https://luxaire.com,,,,,UPGSource1Parts@jci.com,"Johnson Controls, Luxaire","Controls, Thermostat","Duct, Thermostat"
Luxaire HVAC Systems,https://luxairesmart.com,,,,,,Luxaire,"Air conditioner, Air handler, Controls, Furnace, Heat pump, Packaged unit","Coil, Duct"
,https://wesupplytrades.com,,,,,,,,
,https://maytag.com,,,,,,,,
,https://maytaghvac.com,,,,,,,,
Lohmiller & Company,https://lohmillercompany.com,,,,(303) 825-2665,,"Bryant, Carrier, Miller, Payne",Controls,Duct
,https://millc.com,,,,,,,,
Warranty,https://millerac.com,,,,,,Miller,"Air conditioner, Air handler, Furnace, Heat pump, Packaged unit","Blower, Duct"
Personalized Home Comfort,https://ductlesshomecomfort.com,,,,,,Mitsubishi Electric,Controls,Duct
"Better environments, inside and out.",https://mitsubishicomfort.com,,,,(800) 433-4822,Customercare@hvac.mea.com,"Gree, Mitsubishi Electric, Trane, York","Air conditioner, Controls, Furnace, Heat pump, Mini split, Ventilation","Compressor, Duct"
Nu-Calgon: The Brand You Trust,https://nucalgon.com,,,,(800) 554-5499,info@nucalgon.com,"Gree, LG, Nu-Calgon",,"Coil, Condenser coil, Duct, Evaporator coil, Filter, Insulation, Refrigerant, Seal"
Parts + Smarts,https://sundbergamerica.com,,,,(800) 621-9190,info@sundbergamerica.com,"Bosch, Carrier, Electrolux, Frigidaire, Honeywell, LG, Maytag, Samsung",,Duct
Wittichen Supply - Home Page,https://wittichen-supply.com,,,,(205) 251-8500,,"Fujitsu, Rheem, Ruud, Sure Comfort","Air handler, Controls, Dehumidifier, Furnace, Heat pump, Humidifier, Mini split, Thermostat, Ventilation","Belt, Blower, Capacitor, Coil, Compressor, Condenser coil, Contactor, Contactors, Control board, Damper, Defrost control, Drain line, Drain pan, Duct, Evaporator coil, Fan, Fan blade, Filter, Gasket, Grille, Insulation, Motor, Pleated filter, Pulley, Refrigerant, Relay, Relays, Seal, Sensor, Sight glass, Solenoid valve, Thermostat, Transformer, Wheel"
Over 30 years of experience offering HVAC and hydronic supplies and solutions in Ontario.,https://digelair.com,,,,(613) 723-0359,,"Gree, Mitsubishi Electric, Panasonic","Air conditioner, Boiler, Chiller, Furnace, Heat pump, Ventilation","Duct, Fan"
,https://panasonic.com,,,,,,,,
Panasonic HVAC – Master Import Representative USA HVAC Specialty,https://panasonichvac.com,,,,(888) 932-4623,,Panasonic,"Heat pump, Mini split",Duct
,https://hvac365.com,,,,,,,,
,https://payne.com,,,,,,,,
Packaged Unit Systems,https://hvacstore.com,,,,(833) 658-3387,support@hvacstore.com,"Daikin, Goodman, Quietflex, Reznor","Air conditioner, Air handler, Furnace, Heat pump, Mini split, Packaged unit","Blower, Coil, Duct, Fan, Motor, Seal"
,https://pacesupply.com,,,,,,,,
We're an HVAC Wholesale Supply Distributor Servicing the USA,https://polarairdirect.com,,,,(863) 353-6843,,"Daikin, Goodman, Gree, Honeywell, ICP, LG, Nu-Calgon, Quietflex, Rheem","Air handler, Furnace, Heat pump, Mini split, Packaged unit, Thermostat","Coil, Drain pan, Duct, Heat strip, Seal, Thermostat"
CALIFORNIAS LEADING INSULATION DISTRIBUTOR,https://prosourceinsulation.com,,,,(800) 387-7698,SALES@PROSOURCEINS.COM,"Gree, Lennox, Quietflex",,"Duct, Insulation, Seal"
DEMAND THE BEST.,https://quietflex.com,,,,(877) 694-3669,o@JO.TF,Quietflex,,Duct
,https://ssdhvac.com,,,,,,,,
,https://reznorheaters.com,,,,,,,,
Reznor HVAC – North America,https://reznorhvac.com,,,,,,Reznor,"Air handler, Furnace, Thermostat","Duct, Thermostat"
"Wholesale HVAC Equipment, Parts and Supplies since 1974",https://amscosupply.net,,,,(918) 743-9100,,Rheem,,"Coil, Duct"
Rheem Manufacturing Company,https://rheem.com,,,,,,"Gree, Rheem, York","Air conditioner, Air handler, Boiler, Furnace, Heat pump","Coil, Duct"
"The Rheem Team – Global Leader and Manufacturer of Heating, Cooling, and Water Heating Products",https://therheemteam.com,,,,,,Rheem,"Thermostat, Ventilation","Compressor, Duct, Thermostat"
WHY MAR-HY DISTRIBUTORS,https://marhy.com,,,,(503) 353-0100,,"Daikin, Ruud","Air conditioner, Air handler, Furnace, Heat pump, Mini split",Duct
"Reliable Water Heaters, Tankless Water Heaters, and HVAC Systems - Ruud",https://ruud.com,,,,,mediainquiries@rheem.com,"Gree, Rheem, Ruud","Air conditioner, Air handler, Boiler, Controls, Furnace, Heat pump, Mini split, Thermostat","Coil, Duct, Filter, Thermostat"
Home - Ruud Pro Partners,https://ruudpropartners.com,,,,(503) 303-7420,,Ruud,"Furnace, Heat pump",Duct
HOME,https://theruudcrew.com,,,,,mediainquiries@rheem.com,"Gree, Rheem, Ruud","Air conditioner, Air handler, Controls, Furnace, Heat pump, Thermostat","Duct, Refrigerant, Thermostat"
Webb Supply,https://webbsupply.com,"619 E Tallmadge Ave., Akron, OH",,,(800) 994-9322,sales@webbsupply.com,"Ducane, Ruud, Samsung","Controls, Furnace, Heat pump, Mini split","Duct, Grille, Motor"
Samsung,https://samsung.com,,,,,tiendaonline.pe@samsung.com,"LG, Samsung",,Duct
Quiet performance. Elevated efficiency. Hylex™,https://samsunghvac.com,"North American Headquarters US and Canada Only 776 Henrietta Creek Road Suite 100 Roanoke, TX 76262",,,(817) 838-6066,,"Samsung, Trane","Controls, Furnace, Heat pump, Mini split","Air filter, Duct, Filter"
,https://dmsupplysource.com,,,,,,,,
,https://mcndist.com,,,,,,,,
Innovate with Schneider Electric,https://se.com,,,,,,Schneider,,Duct
Your leading parts specialist for off-road machinery,https://tvh.com,,,,056 43 42 11,,"Carrier, Danfoss, Gree, LG",,"Circuit board, Contactor, Contactors, Duct, Motor, Wheel"
,https://hvacbrain.com,,,,,,,,
,https://siemens-healthineers.com,,,,,,,,
Join us on a time travel with the Digital Twin!,https://siemens.com,,,,,,Siemens,,Duct
Siemens Branch and Partner Locator,https://ssi-locator.com,,,,,,Siemens,,
Integrating faith intothe workplace,https://acrsupply.com,,,,(919) 765-8081,info@acrsupply.com,"Fieldpiece, Gree, Honeywell, Johnson Controls, LG, Rheem, Sure Comfort, York",Heat pump,"Capacitor, Compressor, Duct, Expansion valve, Motor"
,https://etnasupply.com,,,,,,,,
Sure Comfort - Dependable HVAC Products for your Home and Business,https://surecomfort.com,,,,,MediaInquiries@Rheem.com,"Gree, Rheem, Sure Comfort","Air conditioner, Air handler, Furnace, Heat pump","Coil, Duct"
Sure Comfort Pros,https://surecomfortpros.com,,,,(856) 692-9374,,Sure Comfort,"Air conditioner, Air handler, Furnace, Heat pump, Mini split","Coil, Duct"
Ace Plumbing Heating Electrical Supplies,https://teamace.com,,,,(856) 692-9374,,"Fujitsu, Rheem, Sure Comfort",,"Duct, Fan, Sensor"
The Answer is Yes... Now What is the Question? - Corken Steel Products,https://corkensteel.com,,,,(859) 291-4664,,"Comfortmaker, Tempstar","Boiler, Controls, Furnace, Heat pump",Duct
,https://gotempstar.com,,,,,,,,
,https://tempstar.com,,,,,,,,
{{slide.tagline[0]}}{{slide.tagline[1]}},https://tempstardealer.com,,,,,,"Gree, Tempstar","Air conditioner, Furnace, Heat pump",Duct
,https://globaltestsupply.com,,,,,,,,
Start making money right now! Buy from Palletfly at wholesale prices to resell at retail prices!,https://palletfly.com,,,,(347) 450-1740,INFO@PALLETFLY.COM,,,Duct
,https://testequipmentdepot.com,,,,,,,,
,https://testo-direct.com,,,,,,,,
,https://testo.com,,,,,,,,
"AcPro – Authorized Distributor for Toshiba, Denco-FLAKT, Carrier, Tenkasolar Products and Solutions",https://acprodwc.com,,,,04 820 8063,office@acprodwc.com,"Carrier, Toshiba","Air conditioner, Furnace, Heat pump, Thermostat, Ventilation","Duct, Thermostat"
Soclima - Ventilação e Ar Condicionado,https://soclima.com,,,,923 170 012,geral@soclima.com,"Carrier, LG, Samsung, Toshiba",,
TOSHIBA Klimaanlagen und Wärmepumpen -sorgen für das beste Klima,https://toshiba-aircondition.com,,,,0316 80890,aircond.office@carrier.com,"Carrier, Toshiba",Chiller,
,https://toshiba-hvacspares.com,,,,,,,,
東芝ライフスタイル株式会社,https://toshiba-lifestyle.com,,,,,,Toshiba,,Duct
,https://toshiba.com,,,,,,,,
20 Years of Cool Solutions,https://csd-ltd.net,,,,,sales@csd-ltd.net,"Carrier, Fieldpiece, Toshiba, York",,Duct
,https://toshiba-carrier.co.jp,,,,,,,,
,https://hvacwholesales.com,,,,,,,,
English,https://trane.com,,,,,,Trane,"Air conditioner, Air handler, Chiller, Controls, Heat pump, Packaged unit","Coil, Duct, Fan, Refrigerant"
Your Local Pro is Ready to Help,https://tranecomfortair.com,,,,,,Trane,"Air conditioner, Air handler, Controls, Furnace, Heat pump, Packaged unit, Thermostat","Duct, Thermostat"
Trane® Home,https://tranehome.com,,,,,,Trane,,Duct
Source,https://tranesupply.com,,,,,,,,
WE’RE ALWAYS MOVING FORWARD,https://tranezone.com,,,,,,Trane,"Air conditioner, Air handler, Controls, Furnace, Heat pump, Thermostat","Duct, Thermostat"
Your Number One HVAC Suppliers,https://thehvacoutlet.com,,,,(859) 209-1112,,"Bryant, Rheem, WeatherKing","Air conditioner, Air handler, Furnace, Heat pump, Mini split, Thermostat, Ventilation","Capacitor, Coil, Control board, Duct, Evaporator coil, Fan, Filter, Heat strip, Ignition control, Refrigerant, Thermostat"
Weather King,https://weatherking.biz,,,,(866) 977-6440,,,,Duct
Home Heating and Cooling Products,https://weatherking.com,,,,,,"Gree, Rheem, Sure Comfort, WeatherKing","Air conditioner, Air handler, Furnace, Heat pump","Coil, Duct"
Young Supply Company,https://youngsupply.com,,,,,,Rheem,Ventilation,Duct
JC Residential & Light Commercial HVAC Equipment and Parts,https://yorknow.com,,,,,,York,"Air handler, Controls, Furnace, Heat pump, Humidifier, Packaged unit, Thermostat","Belt, Blower, Burner, Capacitor, Coil, Compressor, Condensate pump, Contactor, Contactors, Control board, Damper, Drain pan, Duct, Fan, Fan blade, Filter, Gasket, Grille, Insulation, Motor, Refrigerant, Relay, Relays, Seal, Sequencer, Thermocouple, Thermostat, Transformer, Wheel"
